-- phpMyAdmin SQL Dump
-- version 5.2.1
-- https://www.phpmyadmin.net/
--
-- Host: 127.0.0.1
-- Generation Time: Jun 26, 2024 at 04:22 AM
-- Server version: 10.4.32-MariaDB
-- PHP Version: 8.1.25

SET SQL_MODE = "NO_AUTO_VALUE_ON_ZERO";
START TRANSACTION;
SET time_zone = "+00:00";


/*!40101 SET @OLD_CHARACTER_SET_CLIENT=@@CHARACTER_SET_CLIENT */;
/*!40101 SET @OLD_CHARACTER_SET_RESULTS=@@CHARACTER_SET_RESULTS */;
/*!40101 SET @OLD_COLLATION_CONNECTION=@@COLLATION_CONNECTION */;
/*!40101 SET NAMES utf8mb4 */;

--
-- Database: `klpcm`
--

-- --------------------------------------------------------

--
-- Table structure for table `analisis`
--

CREATE TABLE `analisis` (
  `id` bigint(20) UNSIGNED NOT NULL,
  `user_id` bigint(20) UNSIGNED NOT NULL,
  `pasien_id` bigint(20) UNSIGNED NOT NULL,
  `tglberkas` date NOT NULL,
  `tglcek` datetime NOT NULL,
  `created_at` timestamp NULL DEFAULT NULL,
  `updated_at` timestamp NULL DEFAULT NULL,
  `dokter_id` bigint(20) UNSIGNED NOT NULL
) ENGINE=InnoDB DEFAULT CHARSET=utf8mb4 COLLATE=utf8mb4_unicode_ci;

--
-- Dumping data for table `analisis`
--

INSERT INTO `analisis` (`id`, `user_id`, `pasien_id`, `tglberkas`, `tglcek`, `created_at`, `updated_at`, `dokter_id`) VALUES
(1, 64, 5, '2024-06-13', '2024-06-13 22:42:59', '2024-06-13 15:42:59', '2024-06-13 15:42:59', 2),
(2, 64, 4, '2024-06-13', '2024-06-13 22:53:41', '2024-06-13 15:53:41', '2024-06-13 15:53:41', 5),
(3, 65, 1, '2024-06-13', '2024-06-13 23:18:11', '2024-06-13 16:18:11', '2024-06-13 16:18:11', 5),
(4, 64, 2, '2024-06-13', '2024-06-13 23:19:21', '2024-06-13 16:19:21', '2024-06-13 16:19:21', 2),
(5, 64, 2, '2024-06-12', '2024-06-13 23:20:11', '2024-06-13 16:20:11', '2024-06-13 16:20:11', 4);

-- --------------------------------------------------------

--
-- Table structure for table `dokters`
--

CREATE TABLE `dokters` (
  `id` bigint(20) UNSIGNED NOT NULL,
  `nama_dokter` varchar(255) NOT NULL,
  `created_at` timestamp NULL DEFAULT NULL,
  `updated_at` timestamp NULL DEFAULT NULL
) ENGINE=InnoDB DEFAULT CHARSET=utf8mb4 COLLATE=utf8mb4_unicode_ci;

--
-- Dumping data for table `dokters`
--

INSERT INTO `dokters` (`id`, `nama_dokter`, `created_at`, `updated_at`) VALUES
(2, 'dr. rifki f', '2024-05-31 04:34:47', '2024-05-31 14:48:24'),
(4, 'dr. Ninda', '2024-05-31 04:35:21', '2024-05-31 04:35:21'),
(5, 'dr. Fadil', '2024-06-06 00:26:20', '2024-06-06 00:26:20');

-- --------------------------------------------------------

--
-- Table structure for table `formulir`
--

CREATE TABLE `formulir` (
  `id` bigint(20) UNSIGNED NOT NULL,
  `nama_formulir` varchar(255) NOT NULL,
  `created_at` timestamp NULL DEFAULT NULL,
  `updated_at` timestamp NULL DEFAULT NULL
) ENGINE=InnoDB DEFAULT CHARSET=utf8mb4 COLLATE=utf8mb4_unicode_ci;

--
-- Dumping data for table `formulir`
--

INSERT INTO `formulir` (`id`, `nama_formulir`, `created_at`, `updated_at`) VALUES
(1, 'Resume Pasien Pulang', '2024-05-20 18:33:59', '2024-06-09 16:55:39'),
(2, 'CPPT', '2024-05-20 18:41:45', '2024-05-20 18:41:45'),
(3, 'Ringkasan Masuk dan Keluar', '2024-05-20 18:47:16', '2024-05-20 18:47:16'),
(5, 'Informed Consent', '2024-05-30 18:46:12', '2024-05-30 18:46:12');

-- --------------------------------------------------------

--
-- Table structure for table `isi_form`
--

CREATE TABLE `isi_form` (
  `id` bigint(20) UNSIGNED NOT NULL,
  `formulir_id` bigint(20) UNSIGNED NOT NULL,
  `isi` text NOT NULL,
  `created_at` timestamp NULL DEFAULT NULL,
  `updated_at` timestamp NULL DEFAULT NULL
) ENGINE=InnoDB DEFAULT CHARSET=utf8mb4 COLLATE=utf8mb4_unicode_ci;

--
-- Dumping data for table `isi_form`
--

INSERT INTO `isi_form` (`id`, `formulir_id`, `isi`, `created_at`, `updated_at`) VALUES
(1, 1, 'Tanggal Masu', '2024-05-20 18:34:28', '2024-06-13 22:32:26'),
(2, 1, 'Tanggal Keluar', '2024-05-20 18:34:40', '2024-05-24 17:50:33'),
(3, 1, 'DPJP', '2024-05-20 18:35:04', '2024-05-20 18:35:04'),
(4, 1, 'Riwayat Alergi', '2024-05-20 18:35:18', '2024-05-20 18:35:18'),
(6, 1, 'Alasan Dirawat', '2024-05-20 18:35:54', '2024-05-20 18:35:54'),
(7, 1, 'Ringkasan Penemuan Fisik Penting', '2024-05-20 18:36:28', '2024-05-20 18:36:28'),
(8, 1, 'Pemeriksaan Penunjang/Diagnostik Terpenting', '2024-05-20 18:37:13', '2024-05-20 18:37:13'),
(9, 1, 'Diagnosa Utama', '2024-05-20 18:37:40', '2024-05-20 18:37:40'),
(10, 1, 'Diagnosa Sekunder', '2024-05-20 18:37:52', '2024-05-20 18:37:52'),
(11, 1, 'Tindakan Diagnostik', '2024-05-20 18:38:45', '2024-05-20 18:38:45'),
(12, 1, 'Terapi yang diberikan', '2024-05-20 18:39:05', '2024-05-20 18:39:05'),
(13, 1, 'Terapi/Pengobatan waktu pulang', '2024-05-20 18:39:42', '2024-05-20 18:39:42'),
(14, 1, 'Instruksi Tindak Lanjut', '2024-05-20 18:40:03', '2024-05-21 21:27:13'),
(15, 1, 'Alamat dan No. Telepon', '2024-05-20 18:40:30', '2024-05-20 18:40:30'),
(16, 1, 'Tanda Tangan Pasien/Keluarga', '2024-05-20 18:41:07', '2024-05-20 18:41:07'),
(17, 1, 'Tanda Tangan DPJP', '2024-05-20 18:41:24', '2024-05-20 18:41:24'),
(18, 2, 'Nomor RM', '2024-05-20 18:42:20', '2024-05-20 18:42:20'),
(19, 2, 'Nama', '2024-05-20 18:42:32', '2024-05-20 18:42:32'),
(20, 2, 'Tanggal Lahir', '2024-05-20 18:43:49', '2024-05-20 18:43:49'),
(21, 2, 'Ruang/Kelas', '2024-05-20 18:43:58', '2024-05-20 18:43:58'),
(22, 2, 'Tanggal/Jam', '2024-05-20 18:44:16', '2024-05-20 18:44:16'),
(23, 2, 'PPA', '2024-05-20 18:44:26', '2024-05-20 18:44:26'),
(24, 2, 'Hasil Asesmen Pasien', '2024-05-20 18:46:01', '2024-05-20 18:46:01'),
(25, 2, 'Instruksi PPA', '2024-05-20 18:46:11', '2024-05-20 18:46:11'),
(26, 2, 'Review & Verifikasi DPJP', '2024-05-20 18:46:25', '2024-05-20 18:46:25'),
(27, 3, 'Nomor RM', '2024-05-20 18:47:26', '2024-05-20 18:47:26'),
(28, 3, 'Nama', '2024-05-20 18:47:33', '2024-05-20 18:47:33'),
(29, 3, 'Tgl Lahir', '2024-05-20 18:47:39', '2024-05-20 18:47:39'),
(30, 3, 'Ruang/Kelas', '2024-05-20 18:47:47', '2024-05-20 18:47:47'),
(31, 3, 'Alamat', '2024-05-20 18:47:59', '2024-05-20 18:47:59'),
(32, 3, 'Pendidikan Terakhir', '2024-05-20 18:48:14', '2024-05-20 18:48:14'),
(33, 3, 'Gol Darah', '2024-05-20 18:48:34', '2024-05-20 18:48:34'),
(34, 3, 'Bangsa', '2024-05-20 18:48:46', '2024-05-20 18:48:46'),
(35, 3, 'Agama', '2024-05-20 18:48:50', '2024-05-20 18:48:50'),
(36, 3, 'Status Perkawinan', '2024-05-20 18:49:04', '2024-05-20 18:49:04'),
(37, 3, 'Cara  masuk RS', '2024-05-20 18:49:16', '2024-05-20 18:49:16'),
(38, 3, 'Tanggal Masuk RS', '2024-05-20 18:49:30', '2024-05-20 18:49:30'),
(39, 3, 'Tanggal Keluar RS', '2024-05-20 18:49:38', '2024-05-20 18:49:38'),
(40, 3, 'Lama Dirawat', '2024-05-20 18:49:53', '2024-05-20 18:49:53'),
(41, 3, 'Nama Orang Tua', '2024-05-20 18:50:04', '2024-05-20 18:50:04'),
(42, 3, 'Diagnosa Sementara', '2024-05-20 18:50:14', '2024-05-20 18:50:14'),
(43, 3, 'Dokter Jaga (TTD & Nama)', '2024-05-20 18:50:37', '2024-05-20 18:50:37'),
(44, 3, 'Asuransi', '2024-05-20 18:50:53', '2024-05-20 18:50:53'),
(45, 3, 'Keadaan Keluar', '2024-05-20 18:51:17', '2024-05-20 18:51:17'),
(46, 3, 'Izin Keluar', '2024-05-20 18:51:39', '2024-05-20 18:51:39'),
(47, 3, 'Diagnosa Utama', '2024-05-20 18:51:51', '2024-05-20 18:51:51'),
(48, 3, 'Diagnosa Sekunder', '2024-05-20 18:51:58', '2024-05-20 18:51:58'),
(49, 3, 'Penyebab Luar Cedera & Keracunan', '2024-05-20 18:52:36', '2024-05-20 18:52:36'),
(50, 3, 'Operasi', '2024-05-20 18:52:42', '2024-05-20 18:52:42'),
(51, 3, 'Dokter yang Merawat', '2024-05-20 18:53:01', '2024-05-20 18:53:01'),
(52, 3, 'Dokter Ahli', '2024-05-20 18:53:07', '2024-05-20 18:53:07'),
(56, 5, 'nama', '2024-05-30 18:46:29', '2024-06-09 17:17:30');

-- --------------------------------------------------------

--
-- Table structure for table `kelengkapan`
--

CREATE TABLE `kelengkapan` (
  `id` bigint(20) UNSIGNED NOT NULL,
  `formulir_id` bigint(20) UNSIGNED NOT NULL,
  `isi_form_id` bigint(20) UNSIGNED NOT NULL,
  `analisis_id` bigint(20) UNSIGNED NOT NULL,
  `kuantitatif` tinyint(1) NOT NULL,
  `tglberkas` timestamp NULL DEFAULT NULL,
  `tglcek` timestamp NULL DEFAULT current_timestamp(),
  `created_at` timestamp NULL DEFAULT NULL,
  `updated_at` timestamp NULL DEFAULT NULL
) ENGINE=InnoDB DEFAULT CHARSET=utf8mb4 COLLATE=utf8mb4_unicode_ci;

--
-- Dumping data for table `kelengkapan`
--

INSERT INTO `kelengkapan` (`id`, `formulir_id`, `isi_form_id`, `analisis_id`, `kuantitatif`, `tglberkas`, `tglcek`, `created_at`, `updated_at`) VALUES
(1, 1, 1, 1, 1, NULL, '2024-06-13 22:43:14', NULL, NULL),
(2, 1, 2, 1, 1, NULL, '2024-06-13 22:43:14', NULL, NULL),
(3, 1, 3, 1, 1, NULL, '2024-06-13 22:43:14', NULL, NULL),
(4, 1, 4, 1, 1, NULL, '2024-06-13 22:43:14', NULL, NULL),
(5, 1, 6, 1, 1, NULL, '2024-06-13 22:43:14', NULL, NULL),
(6, 1, 7, 1, 1, NULL, '2024-06-13 22:43:14', NULL, NULL),
(7, 1, 8, 1, 1, NULL, '2024-06-13 22:43:14', NULL, NULL),
(8, 1, 9, 1, 1, NULL, '2024-06-13 22:43:14', NULL, NULL),
(9, 1, 10, 1, 1, NULL, '2024-06-13 22:43:14', NULL, NULL),
(10, 1, 11, 1, 1, NULL, '2024-06-13 22:43:14', NULL, NULL),
(11, 1, 12, 1, 1, NULL, '2024-06-13 22:43:14', NULL, NULL),
(12, 1, 13, 1, 1, NULL, '2024-06-13 22:43:14', NULL, NULL),
(13, 1, 14, 1, 1, NULL, '2024-06-13 22:43:14', NULL, NULL),
(14, 1, 15, 1, 1, NULL, '2024-06-13 22:43:14', NULL, NULL),
(15, 1, 16, 1, 1, NULL, '2024-06-13 22:43:14', NULL, NULL),
(16, 1, 17, 1, 1, NULL, '2024-06-13 22:43:14', NULL, NULL),
(17, 2, 18, 1, 1, NULL, '2024-06-13 22:43:14', NULL, NULL),
(18, 2, 19, 1, 1, NULL, '2024-06-13 22:43:14', NULL, NULL),
(19, 2, 20, 1, 1, NULL, '2024-06-13 22:43:14', NULL, NULL),
(20, 2, 21, 1, 1, NULL, '2024-06-13 22:43:14', NULL, NULL),
(21, 2, 22, 1, 1, NULL, '2024-06-13 22:43:14', NULL, NULL),
(22, 2, 23, 1, 1, NULL, '2024-06-13 22:43:14', NULL, NULL),
(23, 2, 24, 1, 1, NULL, '2024-06-13 22:43:14', NULL, NULL),
(24, 2, 25, 1, 1, NULL, '2024-06-13 22:43:14', NULL, NULL),
(25, 2, 26, 1, 1, NULL, '2024-06-13 22:43:14', NULL, NULL),
(26, 3, 27, 1, 1, NULL, '2024-06-13 22:43:14', NULL, NULL),
(27, 3, 28, 1, 1, NULL, '2024-06-13 22:43:14', NULL, NULL),
(28, 3, 29, 1, 1, NULL, '2024-06-13 22:43:14', NULL, NULL),
(29, 3, 30, 1, 1, NULL, '2024-06-13 22:43:14', NULL, NULL),
(30, 3, 31, 1, 1, NULL, '2024-06-13 22:43:14', NULL, NULL),
(31, 3, 32, 1, 1, NULL, '2024-06-13 22:43:14', NULL, NULL),
(32, 3, 33, 1, 1, NULL, '2024-06-13 22:43:14', NULL, NULL),
(33, 3, 34, 1, 1, NULL, '2024-06-13 22:43:14', NULL, NULL),
(34, 3, 35, 1, 1, NULL, '2024-06-13 22:43:14', NULL, NULL),
(35, 3, 36, 1, 1, NULL, '2024-06-13 22:43:14', NULL, NULL),
(36, 3, 37, 1, 1, NULL, '2024-06-13 22:43:14', NULL, NULL),
(37, 3, 38, 1, 1, NULL, '2024-06-13 22:43:14', NULL, NULL),
(38, 3, 39, 1, 1, NULL, '2024-06-13 22:43:14', NULL, NULL),
(39, 3, 40, 1, 1, NULL, '2024-06-13 22:43:14', NULL, NULL),
(40, 3, 41, 1, 1, NULL, '2024-06-13 22:43:14', NULL, NULL),
(41, 3, 42, 1, 1, NULL, '2024-06-13 22:43:14', NULL, NULL),
(42, 3, 43, 1, 1, NULL, '2024-06-13 22:43:14', NULL, NULL),
(43, 3, 44, 1, 1, NULL, '2024-06-13 22:43:14', NULL, NULL),
(44, 3, 45, 1, 1, NULL, '2024-06-13 22:43:14', NULL, NULL),
(45, 3, 46, 1, 1, NULL, '2024-06-13 22:43:14', NULL, NULL),
(46, 3, 47, 1, 1, NULL, '2024-06-13 22:43:14', NULL, NULL),
(47, 3, 48, 1, 1, NULL, '2024-06-13 22:43:14', NULL, NULL),
(48, 3, 49, 1, 1, NULL, '2024-06-13 22:43:14', NULL, NULL),
(49, 3, 50, 1, 1, NULL, '2024-06-13 22:43:14', NULL, NULL),
(50, 3, 51, 1, 1, NULL, '2024-06-13 22:43:14', NULL, NULL),
(51, 3, 52, 1, 1, NULL, '2024-06-13 22:43:14', NULL, NULL),
(52, 5, 56, 1, 1, NULL, '2024-06-13 22:43:14', NULL, NULL),
(53, 1, 1, 2, 1, NULL, '2024-06-13 22:53:53', '2024-06-13 15:53:53', '2024-06-13 15:53:53'),
(54, 1, 2, 2, 1, NULL, '2024-06-13 22:53:53', '2024-06-13 15:53:53', '2024-06-13 15:53:53'),
(55, 1, 3, 2, 1, NULL, '2024-06-13 22:53:53', '2024-06-13 15:53:53', '2024-06-13 15:53:53'),
(56, 1, 4, 2, 1, NULL, '2024-06-13 22:53:53', '2024-06-13 15:53:53', '2024-06-13 15:53:53'),
(57, 1, 6, 2, 1, NULL, '2024-06-13 22:53:53', '2024-06-13 15:53:53', '2024-06-13 15:53:53'),
(58, 1, 7, 2, 1, NULL, '2024-06-13 22:53:53', '2024-06-13 15:53:53', '2024-06-13 15:53:53'),
(59, 1, 8, 2, 1, NULL, '2024-06-13 22:53:53', '2024-06-13 15:53:53', '2024-06-13 15:53:53'),
(60, 1, 9, 2, 1, NULL, '2024-06-13 22:53:53', '2024-06-13 15:53:53', '2024-06-13 15:53:53'),
(61, 1, 10, 2, 1, NULL, '2024-06-13 22:53:53', '2024-06-13 15:53:53', '2024-06-13 15:53:53'),
(62, 1, 11, 2, 1, NULL, '2024-06-13 22:53:53', '2024-06-13 15:53:53', '2024-06-13 15:53:53'),
(63, 1, 12, 2, 1, NULL, '2024-06-13 22:53:53', '2024-06-13 15:53:53', '2024-06-13 15:53:53'),
(64, 1, 13, 2, 1, NULL, '2024-06-13 22:53:53', '2024-06-13 15:53:53', '2024-06-13 15:53:53'),
(65, 1, 14, 2, 1, NULL, '2024-06-13 22:53:53', '2024-06-13 15:53:53', '2024-06-13 15:53:53'),
(66, 1, 15, 2, 1, NULL, '2024-06-13 22:53:53', '2024-06-13 15:53:53', '2024-06-13 15:53:53'),
(67, 1, 16, 2, 1, NULL, '2024-06-13 22:53:53', '2024-06-13 15:53:53', '2024-06-13 15:53:53'),
(68, 1, 17, 2, 1, NULL, '2024-06-13 22:53:53', '2024-06-13 15:53:53', '2024-06-13 15:53:53'),
(69, 2, 18, 2, 1, NULL, '2024-06-13 22:53:53', '2024-06-13 15:53:53', '2024-06-13 15:53:53'),
(70, 2, 19, 2, 1, NULL, '2024-06-13 22:53:53', '2024-06-13 15:53:53', '2024-06-13 15:53:53'),
(71, 2, 20, 2, 1, NULL, '2024-06-13 22:53:53', '2024-06-13 15:53:53', '2024-06-13 15:53:53'),
(72, 2, 21, 2, 1, NULL, '2024-06-13 22:53:53', '2024-06-13 15:53:53', '2024-06-13 15:53:53'),
(73, 2, 22, 2, 1, NULL, '2024-06-13 22:53:53', '2024-06-13 15:53:53', '2024-06-13 15:53:53'),
(74, 2, 23, 2, 1, NULL, '2024-06-13 22:53:53', '2024-06-13 15:53:53', '2024-06-13 15:53:53'),
(75, 2, 24, 2, 1, NULL, '2024-06-13 22:53:53', '2024-06-13 15:53:53', '2024-06-13 15:53:53'),
(76, 2, 25, 2, 1, NULL, '2024-06-13 22:53:53', '2024-06-13 15:53:53', '2024-06-13 15:53:53'),
(77, 2, 26, 2, 1, NULL, '2024-06-13 22:53:53', '2024-06-13 15:53:53', '2024-06-13 15:53:53'),
(78, 3, 27, 2, 0, NULL, '2024-06-13 22:53:53', '2024-06-13 15:53:53', '2024-06-13 15:53:53'),
(79, 3, 28, 2, 0, NULL, '2024-06-13 22:53:53', '2024-06-13 15:53:53', '2024-06-13 15:53:53'),
(80, 3, 29, 2, 0, NULL, '2024-06-13 22:53:53', '2024-06-13 15:53:53', '2024-06-13 15:53:53'),
(81, 3, 30, 2, 0, NULL, '2024-06-13 22:53:53', '2024-06-13 15:53:53', '2024-06-13 15:53:53'),
(82, 3, 31, 2, 0, NULL, '2024-06-13 22:53:53', '2024-06-13 15:53:53', '2024-06-13 15:53:53'),
(83, 3, 32, 2, 0, NULL, '2024-06-13 22:53:53', '2024-06-13 15:53:53', '2024-06-13 15:53:53'),
(84, 3, 33, 2, 0, NULL, '2024-06-13 22:53:53', '2024-06-13 15:53:53', '2024-06-13 15:53:53'),
(85, 3, 34, 2, 0, NULL, '2024-06-13 22:53:53', '2024-06-13 15:53:53', '2024-06-13 15:53:53'),
(86, 3, 35, 2, 0, NULL, '2024-06-13 22:53:53', '2024-06-13 15:53:53', '2024-06-13 15:53:53'),
(87, 3, 36, 2, 0, NULL, '2024-06-13 22:53:53', '2024-06-13 15:53:53', '2024-06-13 15:53:53'),
(88, 3, 37, 2, 0, NULL, '2024-06-13 22:53:53', '2024-06-13 15:53:53', '2024-06-13 15:53:53'),
(89, 3, 38, 2, 0, NULL, '2024-06-13 22:53:53', '2024-06-13 15:53:53', '2024-06-13 15:53:53'),
(90, 3, 39, 2, 0, NULL, '2024-06-13 22:53:53', '2024-06-13 15:53:53', '2024-06-13 15:53:53'),
(91, 3, 40, 2, 0, NULL, '2024-06-13 22:53:53', '2024-06-13 15:53:53', '2024-06-13 15:53:53'),
(92, 3, 41, 2, 0, NULL, '2024-06-13 22:53:53', '2024-06-13 15:53:53', '2024-06-13 15:53:53'),
(93, 3, 42, 2, 0, NULL, '2024-06-13 22:53:53', '2024-06-13 15:53:53', '2024-06-13 15:53:53'),
(94, 3, 43, 2, 0, NULL, '2024-06-13 22:53:53', '2024-06-13 15:53:53', '2024-06-13 15:53:53'),
(95, 3, 44, 2, 0, NULL, '2024-06-13 22:53:53', '2024-06-13 15:53:53', '2024-06-13 15:53:53'),
(96, 3, 45, 2, 0, NULL, '2024-06-13 22:53:53', '2024-06-13 15:53:53', '2024-06-13 15:53:53'),
(97, 3, 46, 2, 0, NULL, '2024-06-13 22:53:53', '2024-06-13 15:53:53', '2024-06-13 15:53:53'),
(98, 3, 47, 2, 0, NULL, '2024-06-13 22:53:53', '2024-06-13 15:53:53', '2024-06-13 15:53:53'),
(99, 3, 48, 2, 0, NULL, '2024-06-13 22:53:53', '2024-06-13 15:53:53', '2024-06-13 15:53:53'),
(100, 3, 49, 2, 0, NULL, '2024-06-13 22:53:53', '2024-06-13 15:53:53', '2024-06-13 15:53:53'),
(101, 3, 50, 2, 0, NULL, '2024-06-13 22:53:53', '2024-06-13 15:53:53', '2024-06-13 15:53:53'),
(102, 3, 51, 2, 0, NULL, '2024-06-13 22:53:53', '2024-06-13 15:53:53', '2024-06-13 15:53:53'),
(103, 3, 52, 2, 0, NULL, '2024-06-13 22:53:53', '2024-06-13 15:53:53', '2024-06-13 15:53:53'),
(104, 5, 56, 2, 1, NULL, '2024-06-13 22:53:53', '2024-06-13 15:53:53', '2024-06-13 15:53:53'),
(105, 1, 1, 3, 1, NULL, '2024-06-13 23:18:40', '2024-06-13 16:18:40', '2024-06-13 16:18:40'),
(106, 1, 2, 3, 0, NULL, '2024-06-13 23:18:40', '2024-06-13 16:18:40', '2024-06-13 16:18:40'),
(107, 1, 3, 3, 0, NULL, '2024-06-13 23:18:40', '2024-06-13 16:18:40', '2024-06-13 16:18:40'),
(108, 1, 4, 3, 1, NULL, '2024-06-13 23:18:40', '2024-06-13 16:18:40', '2024-06-13 16:18:40'),
(109, 1, 6, 3, 1, NULL, '2024-06-13 23:18:40', '2024-06-13 16:18:40', '2024-06-13 16:18:40'),
(110, 1, 7, 3, 1, NULL, '2024-06-13 23:18:40', '2024-06-13 16:18:40', '2024-06-13 16:18:40'),
(111, 1, 8, 3, 1, NULL, '2024-06-13 23:18:40', '2024-06-13 16:18:40', '2024-06-13 16:18:40'),
(112, 1, 9, 3, 1, NULL, '2024-06-13 23:18:40', '2024-06-13 16:18:40', '2024-06-13 16:18:40'),
(113, 1, 10, 3, 1, NULL, '2024-06-13 23:18:40', '2024-06-13 16:18:40', '2024-06-13 16:18:40'),
(114, 1, 11, 3, 1, NULL, '2024-06-13 23:18:40', '2024-06-13 16:18:40', '2024-06-13 16:18:40'),
(115, 1, 12, 3, 1, NULL, '2024-06-13 23:18:40', '2024-06-13 16:18:40', '2024-06-13 16:18:40'),
(116, 1, 13, 3, 1, NULL, '2024-06-13 23:18:40', '2024-06-13 16:18:40', '2024-06-13 16:18:40'),
(117, 1, 14, 3, 1, NULL, '2024-06-13 23:18:40', '2024-06-13 16:18:40', '2024-06-13 16:18:40'),
(118, 1, 15, 3, 1, NULL, '2024-06-13 23:18:40', '2024-06-13 16:18:40', '2024-06-13 16:18:40'),
(119, 1, 16, 3, 1, NULL, '2024-06-13 23:18:40', '2024-06-13 16:18:40', '2024-06-13 16:18:40'),
(120, 1, 17, 3, 1, NULL, '2024-06-13 23:18:40', '2024-06-13 16:18:40', '2024-06-13 16:18:40'),
(121, 2, 18, 3, 1, NULL, '2024-06-13 23:18:40', '2024-06-13 16:18:40', '2024-06-13 16:18:40'),
(122, 2, 19, 3, 1, NULL, '2024-06-13 23:18:40', '2024-06-13 16:18:40', '2024-06-13 16:18:40'),
(123, 2, 20, 3, 0, NULL, '2024-06-13 23:18:40', '2024-06-13 16:18:40', '2024-06-13 16:18:40'),
(124, 2, 21, 3, 1, NULL, '2024-06-13 23:18:40', '2024-06-13 16:18:40', '2024-06-13 16:18:40'),
(125, 2, 22, 3, 0, NULL, '2024-06-13 23:18:40', '2024-06-13 16:18:40', '2024-06-13 16:18:40'),
(126, 2, 23, 3, 1, NULL, '2024-06-13 23:18:40', '2024-06-13 16:18:40', '2024-06-13 16:18:40'),
(127, 2, 24, 3, 0, NULL, '2024-06-13 23:18:40', '2024-06-13 16:18:40', '2024-06-13 16:18:40'),
(128, 2, 25, 3, 1, NULL, '2024-06-13 23:18:40', '2024-06-13 16:18:40', '2024-06-13 16:18:40'),
(129, 2, 26, 3, 1, NULL, '2024-06-13 23:18:40', '2024-06-13 16:18:40', '2024-06-13 16:18:40'),
(130, 3, 27, 3, 1, NULL, '2024-06-13 23:18:40', '2024-06-13 16:18:40', '2024-06-13 16:18:40'),
(131, 3, 28, 3, 1, NULL, '2024-06-13 23:18:40', '2024-06-13 16:18:40', '2024-06-13 16:18:40'),
(132, 3, 29, 3, 0, NULL, '2024-06-13 23:18:40', '2024-06-13 16:18:40', '2024-06-13 16:18:40'),
(133, 3, 30, 3, 1, NULL, '2024-06-13 23:18:40', '2024-06-13 16:18:40', '2024-06-13 16:18:40'),
(134, 3, 31, 3, 0, NULL, '2024-06-13 23:18:40', '2024-06-13 16:18:40', '2024-06-13 16:18:40'),
(135, 3, 32, 3, 1, NULL, '2024-06-13 23:18:40', '2024-06-13 16:18:40', '2024-06-13 16:18:40'),
(136, 3, 33, 3, 0, NULL, '2024-06-13 23:18:40', '2024-06-13 16:18:40', '2024-06-13 16:18:40'),
(137, 3, 34, 3, 1, NULL, '2024-06-13 23:18:40', '2024-06-13 16:18:40', '2024-06-13 16:18:40'),
(138, 3, 35, 3, 0, NULL, '2024-06-13 23:18:40', '2024-06-13 16:18:40', '2024-06-13 16:18:40'),
(139, 3, 36, 3, 1, NULL, '2024-06-13 23:18:40', '2024-06-13 16:18:40', '2024-06-13 16:18:40'),
(140, 3, 37, 3, 1, NULL, '2024-06-13 23:18:40', '2024-06-13 16:18:40', '2024-06-13 16:18:40'),
(141, 3, 38, 3, 1, NULL, '2024-06-13 23:18:40', '2024-06-13 16:18:40', '2024-06-13 16:18:40'),
(142, 3, 39, 3, 1, NULL, '2024-06-13 23:18:40', '2024-06-13 16:18:40', '2024-06-13 16:18:40'),
(143, 3, 40, 3, 1, NULL, '2024-06-13 23:18:40', '2024-06-13 16:18:40', '2024-06-13 16:18:40'),
(144, 3, 41, 3, 1, NULL, '2024-06-13 23:18:40', '2024-06-13 16:18:40', '2024-06-13 16:18:40'),
(145, 3, 42, 3, 1, NULL, '2024-06-13 23:18:40', '2024-06-13 16:18:40', '2024-06-13 16:18:40'),
(146, 3, 43, 3, 1, NULL, '2024-06-13 23:18:40', '2024-06-13 16:18:40', '2024-06-13 16:18:40'),
(147, 3, 44, 3, 1, NULL, '2024-06-13 23:18:40', '2024-06-13 16:18:40', '2024-06-13 16:18:40'),
(148, 3, 45, 3, 1, NULL, '2024-06-13 23:18:40', '2024-06-13 16:18:40', '2024-06-13 16:18:40'),
(149, 3, 46, 3, 1, NULL, '2024-06-13 23:18:40', '2024-06-13 16:18:40', '2024-06-13 16:18:40'),
(150, 3, 47, 3, 1, NULL, '2024-06-13 23:18:40', '2024-06-13 16:18:40', '2024-06-13 16:18:40'),
(151, 3, 48, 3, 1, NULL, '2024-06-13 23:18:40', '2024-06-13 16:18:40', '2024-06-13 16:18:40'),
(152, 3, 49, 3, 1, NULL, '2024-06-13 23:18:40', '2024-06-13 16:18:40', '2024-06-13 16:18:40'),
(153, 3, 50, 3, 0, NULL, '2024-06-13 23:18:40', '2024-06-13 16:18:40', '2024-06-13 16:18:40'),
(154, 3, 51, 3, 1, NULL, '2024-06-13 23:18:40', '2024-06-13 16:18:40', '2024-06-13 16:18:40'),
(155, 3, 52, 3, 1, NULL, '2024-06-13 23:18:40', '2024-06-13 16:18:40', '2024-06-13 16:18:40'),
(156, 5, 56, 3, 1, NULL, '2024-06-13 23:18:40', '2024-06-13 16:18:40', '2024-06-13 16:18:40'),
(157, 1, 1, 4, 1, NULL, '2024-06-13 23:19:41', '2024-06-13 16:19:41', '2024-06-13 16:19:41'),
(158, 1, 2, 4, 0, NULL, '2024-06-13 23:19:41', '2024-06-13 16:19:41', '2024-06-13 16:19:41'),
(159, 1, 3, 4, 0, NULL, '2024-06-13 23:19:41', '2024-06-13 16:19:41', '2024-06-13 16:19:41'),
(160, 1, 4, 4, 1, NULL, '2024-06-13 23:19:41', '2024-06-13 16:19:41', '2024-06-13 16:19:41'),
(161, 1, 6, 4, 1, NULL, '2024-06-13 23:19:41', '2024-06-13 16:19:41', '2024-06-13 16:19:41'),
(162, 1, 7, 4, 1, NULL, '2024-06-13 23:19:41', '2024-06-13 16:19:41', '2024-06-13 16:19:41'),
(163, 1, 8, 4, 1, NULL, '2024-06-13 23:19:41', '2024-06-13 16:19:41', '2024-06-13 16:19:41'),
(164, 1, 9, 4, 1, NULL, '2024-06-13 23:19:41', '2024-06-13 16:19:41', '2024-06-13 16:19:41'),
(165, 1, 10, 4, 1, NULL, '2024-06-13 23:19:41', '2024-06-13 16:19:41', '2024-06-13 16:19:41'),
(166, 1, 11, 4, 1, NULL, '2024-06-13 23:19:41', '2024-06-13 16:19:41', '2024-06-13 16:19:41'),
(167, 1, 12, 4, 1, NULL, '2024-06-13 23:19:41', '2024-06-13 16:19:41', '2024-06-13 16:19:41'),
(168, 1, 13, 4, 1, NULL, '2024-06-13 23:19:41', '2024-06-13 16:19:41', '2024-06-13 16:19:41'),
(169, 1, 14, 4, 1, NULL, '2024-06-13 23:19:41', '2024-06-13 16:19:41', '2024-06-13 16:19:41'),
(170, 1, 15, 4, 1, NULL, '2024-06-13 23:19:41', '2024-06-13 16:19:41', '2024-06-13 16:19:41'),
(171, 1, 16, 4, 1, NULL, '2024-06-13 23:19:41', '2024-06-13 16:19:41', '2024-06-13 16:19:41'),
(172, 1, 17, 4, 1, NULL, '2024-06-13 23:19:41', '2024-06-13 16:19:41', '2024-06-13 16:19:41'),
(173, 2, 18, 4, 1, NULL, '2024-06-13 23:19:41', '2024-06-13 16:19:41', '2024-06-13 16:19:41'),
(174, 2, 19, 4, 1, NULL, '2024-06-13 23:19:41', '2024-06-13 16:19:41', '2024-06-13 16:19:41'),
(175, 2, 20, 4, 0, NULL, '2024-06-13 23:19:41', '2024-06-13 16:19:41', '2024-06-13 16:19:41'),
(176, 2, 21, 4, 1, NULL, '2024-06-13 23:19:41', '2024-06-13 16:19:41', '2024-06-13 16:19:41'),
(177, 2, 22, 4, 0, NULL, '2024-06-13 23:19:41', '2024-06-13 16:19:41', '2024-06-13 16:19:41'),
(178, 2, 23, 4, 1, NULL, '2024-06-13 23:19:41', '2024-06-13 16:19:41', '2024-06-13 16:19:41'),
(179, 2, 24, 4, 1, NULL, '2024-06-13 23:19:41', '2024-06-13 16:19:41', '2024-06-13 16:19:41'),
(180, 2, 25, 4, 1, NULL, '2024-06-13 23:19:41', '2024-06-13 16:19:41', '2024-06-13 16:19:41'),
(181, 2, 26, 4, 1, NULL, '2024-06-13 23:19:41', '2024-06-13 16:19:41', '2024-06-13 16:19:41'),
(182, 3, 27, 4, 1, NULL, '2024-06-13 23:19:41', '2024-06-13 16:19:41', '2024-06-13 16:19:41'),
(183, 3, 28, 4, 0, NULL, '2024-06-13 23:19:41', '2024-06-13 16:19:41', '2024-06-13 16:19:41'),
(184, 3, 29, 4, 1, NULL, '2024-06-13 23:19:41', '2024-06-13 16:19:41', '2024-06-13 16:19:41'),
(185, 3, 30, 4, 1, NULL, '2024-06-13 23:19:41', '2024-06-13 16:19:41', '2024-06-13 16:19:41'),
(186, 3, 31, 4, 0, NULL, '2024-06-13 23:19:41', '2024-06-13 16:19:41', '2024-06-13 16:19:41'),
(187, 3, 32, 4, 1, NULL, '2024-06-13 23:19:41', '2024-06-13 16:19:41', '2024-06-13 16:19:41'),
(188, 3, 33, 4, 1, NULL, '2024-06-13 23:19:41', '2024-06-13 16:19:41', '2024-06-13 16:19:41'),
(189, 3, 34, 4, 1, NULL, '2024-06-13 23:19:41', '2024-06-13 16:19:41', '2024-06-13 16:19:41'),
(190, 3, 35, 4, 1, NULL, '2024-06-13 23:19:41', '2024-06-13 16:19:41', '2024-06-13 16:19:41'),
(191, 3, 36, 4, 1, NULL, '2024-06-13 23:19:41', '2024-06-13 16:19:41', '2024-06-13 16:19:41'),
(192, 3, 37, 4, 1, NULL, '2024-06-13 23:19:41', '2024-06-13 16:19:41', '2024-06-13 16:19:41'),
(193, 3, 38, 4, 1, NULL, '2024-06-13 23:19:41', '2024-06-13 16:19:41', '2024-06-13 16:19:41'),
(194, 3, 39, 4, 1, NULL, '2024-06-13 23:19:41', '2024-06-13 16:19:41', '2024-06-13 16:19:41'),
(195, 3, 40, 4, 1, NULL, '2024-06-13 23:19:41', '2024-06-13 16:19:41', '2024-06-13 16:19:41'),
(196, 3, 41, 4, 1, NULL, '2024-06-13 23:19:41', '2024-06-13 16:19:41', '2024-06-13 16:19:41'),
(197, 3, 42, 4, 1, NULL, '2024-06-13 23:19:41', '2024-06-13 16:19:41', '2024-06-13 16:19:41'),
(198, 3, 43, 4, 1, NULL, '2024-06-13 23:19:41', '2024-06-13 16:19:41', '2024-06-13 16:19:41'),
(199, 3, 44, 4, 1, NULL, '2024-06-13 23:19:41', '2024-06-13 16:19:41', '2024-06-13 16:19:41'),
(200, 3, 45, 4, 1, NULL, '2024-06-13 23:19:41', '2024-06-13 16:19:41', '2024-06-13 16:19:41'),
(201, 3, 46, 4, 1, NULL, '2024-06-13 23:19:41', '2024-06-13 16:19:41', '2024-06-13 16:19:41'),
(202, 3, 47, 4, 1, NULL, '2024-06-13 23:19:41', '2024-06-13 16:19:41', '2024-06-13 16:19:41'),
(203, 3, 48, 4, 1, NULL, '2024-06-13 23:19:41', '2024-06-13 16:19:41', '2024-06-13 16:19:41'),
(204, 3, 49, 4, 1, NULL, '2024-06-13 23:19:41', '2024-06-13 16:19:41', '2024-06-13 16:19:41'),
(205, 3, 50, 4, 1, NULL, '2024-06-13 23:19:41', '2024-06-13 16:19:41', '2024-06-13 16:19:41'),
(206, 3, 51, 4, 1, NULL, '2024-06-13 23:19:41', '2024-06-13 16:19:41', '2024-06-13 16:19:41'),
(207, 3, 52, 4, 1, NULL, '2024-06-13 23:19:41', '2024-06-13 16:19:41', '2024-06-13 16:19:41'),
(208, 5, 56, 4, 1, NULL, '2024-06-13 23:19:41', '2024-06-13 16:19:41', '2024-06-13 16:19:41'),
(209, 1, 1, 5, 1, NULL, '2024-06-13 23:20:32', '2024-06-13 16:20:32', '2024-06-13 16:20:32'),
(210, 1, 2, 5, 1, NULL, '2024-06-13 23:20:32', '2024-06-13 16:20:32', '2024-06-13 16:20:32'),
(211, 1, 3, 5, 1, NULL, '2024-06-13 23:20:32', '2024-06-13 16:20:32', '2024-06-13 16:20:32'),
(212, 1, 4, 5, 1, NULL, '2024-06-13 23:20:32', '2024-06-13 16:20:32', '2024-06-13 16:20:32'),
(213, 1, 6, 5, 0, NULL, '2024-06-13 23:20:32', '2024-06-13 16:20:32', '2024-06-13 16:20:32'),
(214, 1, 7, 5, 1, NULL, '2024-06-13 23:20:32', '2024-06-13 16:20:32', '2024-06-13 16:20:32'),
(215, 1, 8, 5, 1, NULL, '2024-06-13 23:20:32', '2024-06-13 16:20:32', '2024-06-13 16:20:32'),
(216, 1, 9, 5, 1, NULL, '2024-06-13 23:20:32', '2024-06-13 16:20:32', '2024-06-13 16:20:32'),
(217, 1, 10, 5, 1, NULL, '2024-06-13 23:20:32', '2024-06-13 16:20:32', '2024-06-13 16:20:32'),
(218, 1, 11, 5, 1, NULL, '2024-06-13 23:20:32', '2024-06-13 16:20:32', '2024-06-13 16:20:32'),
(219, 1, 12, 5, 1, NULL, '2024-06-13 23:20:32', '2024-06-13 16:20:32', '2024-06-13 16:20:32'),
(220, 1, 13, 5, 0, NULL, '2024-06-13 23:20:32', '2024-06-13 16:20:32', '2024-06-13 16:20:32'),
(221, 1, 14, 5, 1, NULL, '2024-06-13 23:20:32', '2024-06-13 16:20:32', '2024-06-13 16:20:32'),
(222, 1, 15, 5, 1, NULL, '2024-06-13 23:20:32', '2024-06-13 16:20:32', '2024-06-13 16:20:32'),
(223, 1, 16, 5, 1, NULL, '2024-06-13 23:20:32', '2024-06-13 16:20:32', '2024-06-13 16:20:32'),
(224, 1, 17, 5, 1, NULL, '2024-06-13 23:20:32', '2024-06-13 16:20:32', '2024-06-13 16:20:32'),
(225, 2, 18, 5, 1, NULL, '2024-06-13 23:20:32', '2024-06-13 16:20:32', '2024-06-13 16:20:32'),
(226, 2, 19, 5, 1, NULL, '2024-06-13 23:20:32', '2024-06-13 16:20:32', '2024-06-13 16:20:32'),
(227, 2, 20, 5, 0, NULL, '2024-06-13 23:20:32', '2024-06-13 16:20:32', '2024-06-13 16:20:32'),
(228, 2, 21, 5, 1, NULL, '2024-06-13 23:20:32', '2024-06-13 16:20:32', '2024-06-13 16:20:32'),
(229, 2, 22, 5, 0, NULL, '2024-06-13 23:20:32', '2024-06-13 16:20:32', '2024-06-13 16:20:32'),
(230, 2, 23, 5, 1, NULL, '2024-06-13 23:20:32', '2024-06-13 16:20:32', '2024-06-13 16:20:32'),
(231, 2, 24, 5, 1, NULL, '2024-06-13 23:20:32', '2024-06-13 16:20:32', '2024-06-13 16:20:32'),
(232, 2, 25, 5, 1, NULL, '2024-06-13 23:20:32', '2024-06-13 16:20:32', '2024-06-13 16:20:32'),
(233, 2, 26, 5, 1, NULL, '2024-06-13 23:20:32', '2024-06-13 16:20:32', '2024-06-13 16:20:32'),
(234, 3, 27, 5, 1, NULL, '2024-06-13 23:20:32', '2024-06-13 16:20:32', '2024-06-13 16:20:32'),
(235, 3, 28, 5, 1, NULL, '2024-06-13 23:20:32', '2024-06-13 16:20:32', '2024-06-13 16:20:32'),
(236, 3, 29, 5, 1, NULL, '2024-06-13 23:20:32', '2024-06-13 16:20:32', '2024-06-13 16:20:32'),
(237, 3, 30, 5, 1, NULL, '2024-06-13 23:20:32', '2024-06-13 16:20:32', '2024-06-13 16:20:32'),
(238, 3, 31, 5, 1, NULL, '2024-06-13 23:20:32', '2024-06-13 16:20:32', '2024-06-13 16:20:32'),
(239, 3, 32, 5, 0, NULL, '2024-06-13 23:20:32', '2024-06-13 16:20:32', '2024-06-13 16:20:32'),
(240, 3, 33, 5, 1, NULL, '2024-06-13 23:20:32', '2024-06-13 16:20:32', '2024-06-13 16:20:32'),
(241, 3, 34, 5, 1, NULL, '2024-06-13 23:20:32', '2024-06-13 16:20:32', '2024-06-13 16:20:32'),
(242, 3, 35, 5, 1, NULL, '2024-06-13 23:20:32', '2024-06-13 16:20:32', '2024-06-13 16:20:32'),
(243, 3, 36, 5, 1, NULL, '2024-06-13 23:20:32', '2024-06-13 16:20:32', '2024-06-13 16:20:32'),
(244, 3, 37, 5, 1, NULL, '2024-06-13 23:20:32', '2024-06-13 16:20:32', '2024-06-13 16:20:32'),
(245, 3, 38, 5, 1, NULL, '2024-06-13 23:20:32', '2024-06-13 16:20:32', '2024-06-13 16:20:32'),
(246, 3, 39, 5, 1, NULL, '2024-06-13 23:20:32', '2024-06-13 16:20:32', '2024-06-13 16:20:32'),
(247, 3, 40, 5, 1, NULL, '2024-06-13 23:20:32', '2024-06-13 16:20:32', '2024-06-13 16:20:32'),
(248, 3, 41, 5, 1, NULL, '2024-06-13 23:20:32', '2024-06-13 16:20:32', '2024-06-13 16:20:32'),
(249, 3, 42, 5, 1, NULL, '2024-06-13 23:20:32', '2024-06-13 16:20:32', '2024-06-13 16:20:32'),
(250, 3, 43, 5, 1, NULL, '2024-06-13 23:20:32', '2024-06-13 16:20:32', '2024-06-13 16:20:32'),
(251, 3, 44, 5, 1, NULL, '2024-06-13 23:20:32', '2024-06-13 16:20:32', '2024-06-13 16:20:32'),
(252, 3, 45, 5, 1, NULL, '2024-06-13 23:20:32', '2024-06-13 16:20:32', '2024-06-13 16:20:32'),
(253, 3, 46, 5, 1, NULL, '2024-06-13 23:20:32', '2024-06-13 16:20:32', '2024-06-13 16:20:32'),
(254, 3, 47, 5, 1, NULL, '2024-06-13 23:20:32', '2024-06-13 16:20:32', '2024-06-13 16:20:32'),
(255, 3, 48, 5, 1, NULL, '2024-06-13 23:20:32', '2024-06-13 16:20:32', '2024-06-13 16:20:32'),
(256, 3, 49, 5, 1, NULL, '2024-06-13 23:20:32', '2024-06-13 16:20:32', '2024-06-13 16:20:32'),
(257, 3, 50, 5, 1, NULL, '2024-06-13 23:20:32', '2024-06-13 16:20:32', '2024-06-13 16:20:32'),
(258, 3, 51, 5, 1, NULL, '2024-06-13 23:20:32', '2024-06-13 16:20:32', '2024-06-13 16:20:32'),
(259, 3, 52, 5, 1, NULL, '2024-06-13 23:20:32', '2024-06-13 16:20:32', '2024-06-13 16:20:32'),
(260, 5, 56, 5, 1, NULL, '2024-06-13 23:20:32', '2024-06-13 16:20:32', '2024-06-13 16:20:32');

-- --------------------------------------------------------

--
-- Table structure for table `ketepatan`
--

CREATE TABLE `ketepatan` (
  `id` bigint(20) UNSIGNED NOT NULL,
  `ketepatan` tinyint(1) NOT NULL DEFAULT 0,
  `kualitatif_id` bigint(20) UNSIGNED NOT NULL,
  `analisis_id` bigint(20) UNSIGNED NOT NULL,
  `created_at` timestamp NULL DEFAULT NULL,
  `updated_at` timestamp NULL DEFAULT NULL
) ENGINE=InnoDB DEFAULT CHARSET=utf8mb4 COLLATE=utf8mb4_unicode_ci;

--
-- Dumping data for table `ketepatan`
--

INSERT INTO `ketepatan` (`id`, `ketepatan`, `kualitatif_id`, `analisis_id`, `created_at`, `updated_at`) VALUES
(1, 1, 1, 1, '2024-06-13 15:43:18', '2024-06-13 15:43:18'),
(2, 1, 2, 1, '2024-06-13 15:43:18', '2024-06-13 15:43:18'),
(3, 1, 3, 1, '2024-06-13 15:43:18', '2024-06-13 15:43:18'),
(4, 1, 4, 1, '2024-06-13 15:43:18', '2024-06-13 15:43:18'),
(5, 1, 5, 1, '2024-06-13 15:43:18', '2024-06-13 15:43:18'),
(6, 1, 6, 1, '2024-06-13 15:43:18', '2024-06-13 15:43:18'),
(7, 1, 7, 1, '2024-06-13 15:43:18', '2024-06-13 15:43:18'),
(8, 1, 1, 2, '2024-06-13 15:53:57', '2024-06-13 15:53:57'),
(9, 1, 2, 2, '2024-06-13 15:53:57', '2024-06-13 15:53:57'),
(10, 1, 3, 2, '2024-06-13 15:53:57', '2024-06-13 15:53:57'),
(11, 1, 4, 2, '2024-06-13 15:53:57', '2024-06-13 15:53:57'),
(12, 1, 5, 2, '2024-06-13 15:53:57', '2024-06-13 15:53:57'),
(13, 1, 6, 2, '2024-06-13 15:53:57', '2024-06-13 15:53:57'),
(14, 1, 7, 2, '2024-06-13 15:53:57', '2024-06-13 15:53:57'),
(15, 1, 1, 3, '2024-06-13 16:18:44', '2024-06-13 16:18:44'),
(16, 1, 2, 3, '2024-06-13 16:18:44', '2024-06-13 16:18:44'),
(17, 1, 3, 3, '2024-06-13 16:18:44', '2024-06-13 16:18:44'),
(18, 1, 4, 3, '2024-06-13 16:18:44', '2024-06-13 16:18:44'),
(19, 1, 5, 3, '2024-06-13 16:18:44', '2024-06-13 16:18:44'),
(20, 1, 6, 3, '2024-06-13 16:18:44', '2024-06-13 16:18:44'),
(21, 1, 7, 3, '2024-06-13 16:18:44', '2024-06-13 16:18:44'),
(22, 1, 1, 4, '2024-06-13 16:19:46', '2024-06-13 16:19:46'),
(23, 1, 2, 4, '2024-06-13 16:19:46', '2024-06-13 16:19:46'),
(24, 1, 3, 4, '2024-06-13 16:19:46', '2024-06-13 16:19:46'),
(25, 1, 4, 4, '2024-06-13 16:19:46', '2024-06-13 16:19:46'),
(26, 1, 5, 4, '2024-06-13 16:19:46', '2024-06-13 16:19:46'),
(27, 1, 6, 4, '2024-06-13 16:19:46', '2024-06-13 16:19:46'),
(28, 1, 7, 4, '2024-06-13 16:19:46', '2024-06-13 16:19:46'),
(29, 1, 1, 5, '2024-06-13 16:20:37', '2024-06-13 16:20:37'),
(30, 1, 2, 5, '2024-06-13 16:20:37', '2024-06-13 16:20:37'),
(31, 1, 3, 5, '2024-06-13 16:20:37', '2024-06-13 16:20:37'),
(32, 1, 4, 5, '2024-06-13 16:20:37', '2024-06-13 16:20:37'),
(33, 1, 5, 5, '2024-06-13 16:20:37', '2024-06-13 16:20:37'),
(34, 1, 6, 5, '2024-06-13 16:20:37', '2024-06-13 16:20:37'),
(35, 1, 7, 5, '2024-06-13 16:20:37', '2024-06-13 16:20:37');

-- --------------------------------------------------------

--
-- Table structure for table `kualitatif`
--

CREATE TABLE `kualitatif` (
  `id` bigint(20) UNSIGNED NOT NULL,
  `isi` varchar(255) NOT NULL,
  `created_at` timestamp NULL DEFAULT NULL,
  `updated_at` timestamp NULL DEFAULT NULL
) ENGINE=InnoDB DEFAULT CHARSET=utf8mb4 COLLATE=utf8mb4_unicode_ci;

--
-- Dumping data for table `kualitatif`
--

INSERT INTO `kualitatif` (`id`, `isi`, `created_at`, `updated_at`) VALUES
(1, 'Mutakhir', '2024-04-24 21:02:45', '2024-04-24 21:02:45'),
(2, 'Tulisan Terbaca', '2024-04-24 21:02:45', '2024-04-24 21:02:45'),
(3, 'Singkatan Baku', '2024-04-24 21:02:45', '2024-04-24 21:02:45'),
(4, 'Menghindari Sindiran', '2024-04-24 21:02:45', '2024-04-24 21:02:45'),
(5, 'Pengisian Tidak Senjang', '2024-04-24 21:02:45', '2024-04-24 21:02:45'),
(6, 'Tinta', '2024-04-24 21:02:45', '2024-04-24 21:02:45'),
(7, 'Catatan Jelas', '2024-04-24 21:02:45', '2024-04-24 21:02:45');

-- --------------------------------------------------------

--
-- Table structure for table `migrations`
--

CREATE TABLE `migrations` (
  `id` int(10) UNSIGNED NOT NULL,
  `migration` varchar(255) NOT NULL,
  `batch` int(11) NOT NULL
) ENGINE=InnoDB DEFAULT CHARSET=utf8mb4 COLLATE=utf8mb4_unicode_ci;

--
-- Dumping data for table `migrations`
--

INSERT INTO `migrations` (`id`, `migration`, `batch`) VALUES
(1, '2014_10_12_000000_create_users_table', 1),
(2, '2014_10_12_100000_create_password_reset_tokens_table', 1),
(3, '2019_08_19_000000_create_failed_jobs_table', 1),
(4, '2019_12_14_000001_create_personal_access_tokens_table', 1),
(5, '2024_03_14_025958_add_column_image_to_users_table', 1),
(6, '2024_03_14_044700_create_permission_tables', 2),
(7, '2024_03_18_022911_create_pasien_table', 3),
(8, '2024_03_18_024621_change_gender_column_to_enum_in_pasien_table', 4),
(9, '2024_03_18_040815_rename_pasien_table_to_pasiens', 5),
(10, '2024_03_18_132217_add_role_id_to_users_table', 6),
(11, '2024_03_18_141100_create_role_user_table', 7),
(12, '2024_03_23_024003_create_formulir_table', 8),
(14, '2024_03_23_024103_create_isi_form_table', 9),
(15, '2024_04_04_132827_create_kelengkapan_table', 10),
(16, '2024_04_16_003000_create_analisis_table', 10),
(17, '2024_04_19_203207_update_kelengkapan_table_remove_kualitatif_change_kuantitatif_to_boolean', 10),
(18, '2024_04_25_034438_create_kualitatif_table', 11),
(19, '2024_04_25_034454_create_ketepatan_table', 11),
(20, '2024_04_25_041132_change_ketepatan_column_type_in_ketepatans_table', 12),
(21, '2024_04_30_120640_create_notifications_table', 13),
(25, '2024_05_05_113442_update_foreign_key_isi_form', 14),
(26, '2024_05_07_091009_change_test_foreign_isi_form_id_column_to_kelengkapan_table', 14);

-- --------------------------------------------------------

--
-- Table structure for table `model_has_permissions`
--

CREATE TABLE `model_has_permissions` (
  `permission_id` bigint(20) UNSIGNED NOT NULL,
  `model_type` varchar(255) NOT NULL,
  `model_id` bigint(20) UNSIGNED NOT NULL
) ENGINE=InnoDB DEFAULT CHARSET=utf8mb4 COLLATE=utf8mb4_unicode_ci;

-- --------------------------------------------------------

--
-- Table structure for table `model_has_roles`
--

CREATE TABLE `model_has_roles` (
  `role_id` bigint(20) UNSIGNED NOT NULL,
  `model_type` varchar(255) NOT NULL,
  `model_id` bigint(20) UNSIGNED NOT NULL
) ENGINE=InnoDB DEFAULT CHARSET=utf8mb4 COLLATE=utf8mb4_unicode_ci;

--
-- Dumping data for table `model_has_roles`
--

INSERT INTO `model_has_roles` (`role_id`, `model_type`, `model_id`) VALUES
(1, 'App\\Models\\User', 1),
(1, 'App\\Models\\User', 63),
(2, 'App\\Models\\User', 2),
(2, 'App\\Models\\User', 11),
(3, 'App\\Models\\User', 10),
(3, 'App\\Models\\User', 64),
(3, 'App\\Models\\User', 65);

-- --------------------------------------------------------

--
-- Table structure for table `notifications`
--

CREATE TABLE `notifications` (
  `id` char(36) NOT NULL,
  `type` varchar(255) NOT NULL,
  `notifiable_type` varchar(255) NOT NULL,
  `notifiable_id` bigint(20) UNSIGNED NOT NULL,
  `data` text NOT NULL,
  `read_at` timestamp NULL DEFAULT NULL,
  `created_at` timestamp NULL DEFAULT NULL,
  `updated_at` timestamp NULL DEFAULT NULL
) ENGINE=InnoDB DEFAULT CHARSET=utf8mb4 COLLATE=utf8mb4_unicode_ci;

--
-- Dumping data for table `notifications`
--

INSERT INTO `notifications` (`id`, `type`, `notifiable_type`, `notifiable_id`, `data`, `read_at`, `created_at`, `updated_at`) VALUES
('057fa13e-93e4-4ae1-afab-e5ee13cc046b', 'App\\Notifications\\KelengkapanNotification', 'App\\Models\\User', 61, '{\"message\":\"Terdapat Data belum lengkap dengan nomor RM 8275656. Lengkapi sebelum tanggal 23-05-2024\",\"is_complete\":false,\"link\":\"http:\\/\\/klpcm.test\\/admin\\/viewklpcm\",\"analisis\":\"75.00%\"}', NULL, '2024-05-20 20:37:40', '2024-05-20 20:37:40'),
('3cf267ec-f2ed-4e0c-b095-d13dca9582df', 'App\\Notifications\\KelengkapanNotification', 'App\\Models\\User', 64, '{\"message\":\"Terdapat Data belum lengkap dengan nomor RM 290199. Lengkapi sebelum tanggal 09-06-2024\",\"is_complete\":false,\"link\":\"http:\\/\\/127.0.0.1:8000\\/admin\\/viewklpcm\",\"analisis\":\"90.38%\"}', NULL, '2024-06-06 20:07:15', '2024-06-06 20:07:15'),
('414ed59f-b1ae-4f6c-97a3-43182e9e235c', 'App\\Notifications\\KelengkapanNotification', 'App\\Models\\User', 64, '{\"message\":\"Terdapat Data belum lengkap dengan nomor RM 762289. Lengkapi sebelum tanggal 15-06-2024\",\"is_complete\":false,\"link\":\"http:\\/\\/127.0.0.1:8000\\/admin\\/viewklpcm\",\"analisis\":\"90.38%\"}', NULL, '2024-06-13 16:20:32', '2024-06-13 16:20:32'),
('44b0535d-d632-44f7-b430-5c1bba5870fd', 'App\\Notifications\\KelengkapanNotification', 'App\\Models\\User', 58, '{\"message\":\"Terdapat Data belum lengkap dengan nomor RM 891766. Lengkapi sebelum tanggal 03-06-2024\",\"is_complete\":false,\"link\":\"http:\\/\\/127.0.0.1:8000\\/admin\\/viewklpcm\",\"analisis\":\"82.69%\"}', NULL, '2024-05-31 19:05:40', '2024-05-31 19:05:40'),
('49aff344-9f71-4f59-b453-44aa39c70493', 'App\\Notifications\\KelengkapanNotification', 'App\\Models\\User', 58, '{\"message\":\"Terdapat Data belum lengkap dengan nomor RM 202989. Lengkapi sebelum tanggal 27-05-2024\",\"is_complete\":false,\"link\":\"http:\\/\\/klpcm.test\\/admin\\/viewklpcm\",\"analisis\":\"66.67%\"}', NULL, '2024-05-24 20:32:57', '2024-05-24 20:32:57'),
('4b44c4a6-e462-47c8-b8ee-d3a06031f590', 'App\\Notifications\\KelengkapanNotification', 'App\\Models\\User', 58, '{\"message\":\"Terdapat Data belum lengkap dengan nomor RM 209129. Lengkapi sebelum tanggal 28-05-2024\",\"is_complete\":false,\"link\":\"http:\\/\\/127.0.0.1:8000\\/admin\\/viewklpcm\",\"analisis\":\"68.57%\"}', NULL, '2024-05-26 14:33:20', '2024-05-26 14:33:20'),
('4de4315f-c359-4519-842d-91398c1ac747', 'App\\Notifications\\KelengkapanNotification', 'App\\Models\\User', 58, '{\"message\":\"Terdapat Data belum lengkap dengan nomor RM 891766. Lengkapi sebelum tanggal 03-06-2024\",\"is_complete\":false,\"link\":\"http:\\/\\/127.0.0.1:8000\\/admin\\/viewklpcm\",\"analisis\":\"82.69%\"}', NULL, '2024-05-31 18:55:27', '2024-05-31 18:55:27'),
('4f7453fa-2cc2-4986-bd9c-bfccdbbe1cbe', 'App\\Notifications\\KelengkapanNotification', 'App\\Models\\User', 64, '{\"message\":\"Terdapat Data belum lengkap dengan nomor RM 827656. Lengkapi sebelum tanggal 15-06-2024\",\"is_complete\":false,\"link\":\"http:\\/\\/127.0.0.1:8000\\/admin\\/viewklpcm\",\"analisis\":\"84.62%\"}', NULL, '2024-06-13 14:09:37', '2024-06-13 14:09:37'),
('508c9fa4-103c-4e1c-8230-1eb2bf2f4800', 'App\\Notifications\\KelengkapanNotification', 'App\\Models\\User', 64, '{\"message\":\"Terdapat Data belum lengkap dengan nomor RM 762289. Lengkapi sebelum tanggal 15-06-2024\",\"is_complete\":false,\"link\":\"http:\\/\\/127.0.0.1:8000\\/admin\\/viewklpcm\",\"analisis\":\"88.46%\"}', NULL, '2024-06-13 16:19:42', '2024-06-13 16:19:42'),
('5caae903-87e0-482f-ba3a-b2f072212bf7', 'App\\Notifications\\KelengkapanNotification', 'App\\Models\\User', 58, '{\"message\":\"Data lengkap\",\"is_complete\":true,\"link\":\"http:\\/\\/127.0.0.1:8000\\/admin\\/viewklpcm\",\"analisis\":\"100.00%\"}', NULL, '2024-06-04 18:41:26', '2024-06-04 18:41:26'),
('5ef8b9a3-fafe-47cc-9e17-b5cd7869913d', 'App\\Notifications\\KelengkapanNotification', 'App\\Models\\User', 58, '{\"message\":\"Terdapat Data belum lengkap dengan nomor RM 202989. Lengkapi sebelum tanggal 27-05-2024\",\"is_complete\":false,\"link\":\"http:\\/\\/klpcm.test\\/admin\\/viewklpcm\",\"analisis\":\"68.63%\"}', NULL, '2024-05-24 20:32:57', '2024-05-24 20:32:57'),
('67ad2d3a-4d12-49a1-91d3-81f6ef756fb3', 'App\\Notifications\\KelengkapanNotification', 'App\\Models\\User', 64, '{\"message\":\"Data lengkap\",\"is_complete\":true,\"link\":\"http:\\/\\/127.0.0.1:8000\\/admin\\/viewklpcm\",\"analisis\":\"100.00%\"}', NULL, '2024-06-13 15:43:14', '2024-06-13 15:43:14'),
('701ed8da-12f6-4a89-8234-5de2ed2d8a75', 'App\\Notifications\\KelengkapanNotification', 'App\\Models\\User', 58, '{\"message\":\"Terdapat Data belum lengkap dengan nomor RM 8275656. Lengkapi sebelum tanggal 23-05-2024\",\"is_complete\":false,\"link\":\"http:\\/\\/klpcm.test\\/admin\\/viewklpcm\",\"analisis\":\"76.47%\"}', '2024-05-24 18:44:48', '2024-05-20 19:04:05', '2024-05-24 18:44:48'),
('80156838-8da8-4124-99fa-1cf6163acb34', 'App\\Notifications\\KelengkapanNotification', 'App\\Models\\User', 64, '{\"message\":\"Terdapat Data belum lengkap dengan nomor RM 389202. Lengkapi sebelum tanggal 15-06-2024\",\"is_complete\":false,\"link\":\"http:\\/\\/127.0.0.1:8000\\/admin\\/viewklpcm\",\"analisis\":\"50.00%\"}', NULL, '2024-06-13 15:53:53', '2024-06-13 15:53:53'),
('860c0034-7716-4444-9220-be3bc198e6af', 'App\\Notifications\\KelengkapanNotification', 'App\\Models\\User', 65, '{\"message\":\"Terdapat Data belum lengkap dengan nomor RM 827656. Lengkapi sebelum tanggal 15-06-2024\",\"is_complete\":false,\"link\":\"http:\\/\\/127.0.0.1:8000\\/admin\\/viewklpcm\",\"analisis\":\"80.77%\"}', NULL, '2024-06-13 16:18:40', '2024-06-13 16:18:40'),
('936d509b-c379-4127-9c4e-471a90b7cba3', 'App\\Notifications\\KelengkapanNotification', 'App\\Models\\User', 58, '{\"message\":\"Data lengkap\",\"is_complete\":true,\"link\":\"http:\\/\\/127.0.0.1:8000\\/admin\\/viewklpcm\",\"analisis\":\"100.00%\"}', NULL, '2024-05-27 22:36:03', '2024-05-27 22:36:03'),
('93d78d0e-8ec5-48fd-8bc9-f7ffc44fc963', 'App\\Notifications\\KelengkapanNotification', 'App\\Models\\User', 58, '{\"message\":\"Terdapat Data belum lengkap dengan nomor RM 901928. Lengkapi sebelum tanggal 07-06-2024\",\"is_complete\":false,\"link\":\"http:\\/\\/127.0.0.1:8000\\/admin\\/viewklpcm\",\"analisis\":\"50.00%\"}', NULL, '2024-06-04 19:01:59', '2024-06-04 19:01:59'),
('9d40a0d9-d211-49bd-a286-bd04de27f099', 'App\\Notifications\\KelengkapanNotification', 'App\\Models\\User', 64, '{\"message\":\"Terdapat Data belum lengkap dengan nomor RM 901928. Lengkapi sebelum tanggal 15-06-2024\",\"is_complete\":false,\"link\":\"http:\\/\\/127.0.0.1:8000\\/admin\\/viewklpcm\",\"analisis\":\"94.23%\"}', NULL, '2024-06-13 15:26:20', '2024-06-13 15:26:20'),
('9e34d16f-5420-44c2-9912-3d7b03bbde3b', 'App\\Notifications\\KelengkapanNotification', 'App\\Models\\User', 58, '{\"message\":\"Terdapat Data belum lengkap dengan nomor RM 901928. Lengkapi sebelum tanggal 30-05-2024\",\"is_complete\":false,\"link\":\"http:\\/\\/127.0.0.1:8000\\/admin\\/viewklpcm\",\"analisis\":\"0.00%\"}', NULL, '2024-05-27 21:22:39', '2024-05-27 21:22:39'),
('a7288f75-942a-45d8-bebf-afb0159e3c1b', 'App\\Notifications\\KelengkapanNotification', 'App\\Models\\User', 58, '{\"message\":\"Terdapat Data belum lengkap dengan nomor RM 827656. Lengkapi sebelum tanggal 07-06-2024\",\"is_complete\":false,\"link\":\"http:\\/\\/127.0.0.1:8000\\/admin\\/viewklpcm\",\"analisis\":\"50.00%\"}', NULL, '2024-06-04 23:59:19', '2024-06-04 23:59:19'),
('bb8be28d-41fb-401f-8f22-f500e4748c2f', 'App\\Notifications\\KelengkapanNotification', 'App\\Models\\User', 58, '{\"message\":\"Data lengkap\",\"is_complete\":true,\"link\":\"http:\\/\\/127.0.0.1:8000\\/admin\\/viewklpcm\",\"analisis\":\"100.00%\"}', NULL, '2024-05-27 22:52:20', '2024-05-27 22:52:20'),
('bbc6d78b-ac89-4089-9340-bce585ac67fe', 'App\\Notifications\\KelengkapanNotification', 'App\\Models\\User', 65, '{\"message\":\"Terdapat Data belum lengkap dengan nomor RM 891766. Lengkapi sebelum tanggal 15-06-2024\",\"is_complete\":false,\"link\":\"http:\\/\\/127.0.0.1:8000\\/admin\\/viewklpcm\",\"analisis\":\"50.00%\"}', NULL, '2024-06-13 15:38:32', '2024-06-13 15:38:32'),
('be310080-933c-4f88-a2e4-63d5e09c5855', 'App\\Notifications\\KelengkapanNotification', 'App\\Models\\User', 64, '{\"message\":\"Terdapat Data belum lengkap dengan nomor RM 901234. Lengkapi sebelum tanggal 08-06-2024\",\"is_complete\":false,\"link\":\"http:\\/\\/127.0.0.1:8000\\/admin\\/viewklpcm\",\"analisis\":\"90.38%\"}', NULL, '2024-06-06 16:54:10', '2024-06-06 16:54:10'),
('c1630b8e-852b-4f1b-8945-564bb69a1caa', 'App\\Notifications\\KelengkapanNotification', 'App\\Models\\User', 61, '{\"message\":\"Terdapat Data belum lengkap dengan nomor RM 389202. Lengkapi sebelum tanggal 04-06-2024\",\"is_complete\":false,\"link\":\"http:\\/\\/127.0.0.1:8000\\/admin\\/viewklpcm\",\"analisis\":\"69.23%\"}', NULL, '2024-06-02 14:45:52', '2024-06-02 14:45:52'),
('c4292673-73e8-4b07-8536-33366c2228e1', 'App\\Notifications\\KelengkapanNotification', 'App\\Models\\User', 58, '{\"message\":\"Terdapat Data belum lengkap dengan nomor RM 891766. Lengkapi sebelum tanggal 07-06-2024\",\"is_complete\":false,\"link\":\"http:\\/\\/127.0.0.1:8000\\/admin\\/viewklpcm\",\"analisis\":\"82.69%\"}', NULL, '2024-06-04 23:47:06', '2024-06-04 23:47:06'),
('c49df2ff-5986-411c-bbd0-802fc5916a06', 'App\\Notifications\\KelengkapanNotification', 'App\\Models\\User', 58, '{\"message\":\"Terdapat Data belum lengkap dengan nomor RM 8275656. Lengkapi sebelum tanggal 31-05-2024\",\"is_complete\":false,\"link\":\"http:\\/\\/127.0.0.1:8000\\/admin\\/viewklpcm\",\"analisis\":\"72.55%\"}', NULL, '2024-05-28 22:19:11', '2024-05-28 22:19:11'),
('caa3c407-ef0d-47f8-8ac1-cf876227e8f6', 'App\\Notifications\\KelengkapanNotification', 'App\\Models\\User', 65, '{\"message\":\"Data lengkap\",\"is_complete\":true,\"link\":\"http:\\/\\/127.0.0.1:8000\\/admin\\/viewklpcm\",\"analisis\":\"100.00%\"}', NULL, '2024-06-13 15:27:37', '2024-06-13 15:27:37'),
('d1d504af-43bb-4eec-8a81-ea387a26426e', 'App\\Notifications\\KelengkapanNotification', 'App\\Models\\User', 58, '{\"message\":\"Data lengkap\",\"is_complete\":true,\"link\":\"http:\\/\\/klpcm.test\\/admin\\/viewklpcm\",\"analisis\":\"100.00%\"}', '2024-05-24 18:44:48', '2024-05-20 19:04:57', '2024-05-24 18:44:48'),
('d1f4fd4c-13e1-43a3-ba3d-5d9bb1dcf8c8', 'App\\Notifications\\KelengkapanNotification', 'App\\Models\\User', 58, '{\"message\":\"Terdapat Data belum lengkap dengan nomor RM 202989. Lengkapi sebelum tanggal 27-05-2024\",\"is_complete\":false,\"link\":\"http:\\/\\/klpcm.test\\/admin\\/viewklpcm\",\"analisis\":\"66.67%\"}', NULL, '2024-05-24 20:32:57', '2024-05-24 20:32:57'),
('d340e464-9807-453c-a6c4-cb5bd6ee25ec', 'App\\Notifications\\KelengkapanNotification', 'App\\Models\\User', 58, '{\"message\":\"Data lengkap\",\"is_complete\":true,\"link\":\"http:\\/\\/127.0.0.1:8000\\/admin\\/viewklpcm\",\"analisis\":\"100.00%\"}', NULL, '2024-05-26 06:43:44', '2024-05-26 06:43:44'),
('d75d0499-f485-456e-a63d-8768b05b2c55', 'App\\Notifications\\KelengkapanNotification', 'App\\Models\\User', 58, '{\"message\":\"Data lengkap\",\"is_complete\":true,\"link\":\"http:\\/\\/127.0.0.1:8000\\/admin\\/viewklpcm\",\"analisis\":\"100.00%\"}', NULL, '2024-05-28 22:11:09', '2024-05-28 22:11:09'),
('de1e235b-a9d5-4367-9936-27fb139885ab', 'App\\Notifications\\KelengkapanNotification', 'App\\Models\\User', 58, '{\"message\":\"Terdapat Data belum lengkap dengan nomor RM 920929. Lengkapi sebelum tanggal 04-06-2024\",\"is_complete\":false,\"link\":\"http:\\/\\/127.0.0.1:8000\\/admin\\/viewklpcm\",\"analisis\":\"19.23%\"}', NULL, '2024-06-01 23:31:13', '2024-06-01 23:31:13'),
('e1686d45-78e6-4eba-bc12-66122e3d87d9', 'App\\Notifications\\KelengkapanNotification', 'App\\Models\\User', 64, '{\"message\":\"Terdapat Data belum lengkap dengan nomor RM 827656. Lengkapi sebelum tanggal 08-06-2024\",\"is_complete\":false,\"link\":\"http:\\/\\/127.0.0.1:8000\\/admin\\/viewklpcm\",\"analisis\":\"80.77%\"}', NULL, '2024-06-06 00:32:30', '2024-06-06 00:32:30'),
('e479c1a0-922d-41ba-974b-c81a15a47584', 'App\\Notifications\\KelengkapanNotification', 'App\\Models\\User', 58, '{\"message\":\"Terdapat Data belum lengkap dengan nomor RM 8275656. Lengkapi sebelum tanggal 04-06-2024\",\"is_complete\":false,\"link\":\"http:\\/\\/127.0.0.1:8000\\/admin\\/viewklpcm\",\"analisis\":\"86.54%\"}', NULL, '2024-06-01 23:23:59', '2024-06-01 23:23:59'),
('e8a62f66-8e99-4641-8294-5a6a60c04e27', 'App\\Notifications\\KelengkapanNotification', 'App\\Models\\User', 58, '{\"message\":\"Data lengkap\",\"is_complete\":true,\"link\":\"http:\\/\\/klpcm.test\\/admin\\/viewklpcm\",\"analisis\":\"100.00%\"}', '2024-05-24 18:44:48', '2024-05-21 16:34:45', '2024-05-24 18:44:48'),
('eb72f7ab-60c8-4170-87cb-134762e91739', 'App\\Notifications\\KelengkapanNotification', 'App\\Models\\User', 58, '{\"message\":\"Terdapat Data belum lengkap dengan nomor RM 202989. Lengkapi sebelum tanggal 27-05-2024\",\"is_complete\":false,\"link\":\"http:\\/\\/klpcm.test\\/admin\\/viewklpcm\",\"analisis\":\"66.67%\"}', NULL, '2024-05-24 20:32:57', '2024-05-24 20:32:57'),
('eb78f19d-e2b1-4900-a782-4e70fe95b5f5', 'App\\Notifications\\KelengkapanNotification', 'App\\Models\\User', 58, '{\"message\":\"Data lengkap\",\"is_complete\":true,\"link\":\"http:\\/\\/127.0.0.1:8000\\/admin\\/viewklpcm\",\"analisis\":\"100.00%\"}', NULL, '2024-06-04 22:54:36', '2024-06-04 22:54:36'),
('f27c71e2-c80a-4644-b74d-0d0792c2b20e', 'App\\Notifications\\KelengkapanNotification', 'App\\Models\\User', 58, '{\"message\":\"Terdapat Data belum lengkap dengan nomor RM 389202. Lengkapi sebelum tanggal 23-05-2024\",\"is_complete\":false,\"link\":\"http:\\/\\/klpcm.test\\/admin\\/viewklpcm\",\"analisis\":\"72.55%\"}', '2024-05-24 18:44:48', '2024-05-20 19:06:56', '2024-05-24 18:44:48'),
('f4cb6d6c-eb72-4bb6-a485-4bb6d2a19e3f', 'App\\Notifications\\KelengkapanNotification', 'App\\Models\\User', 61, '{\"message\":\"Terdapat Data belum lengkap dengan nomor RM 8275656. Lengkapi sebelum tanggal 23-05-2024\",\"is_complete\":false,\"link\":\"http:\\/\\/klpcm.test\\/admin\\/viewklpcm\",\"analisis\":\"0.00%\"}', NULL, '2024-05-20 21:17:37', '2024-05-20 21:17:37'),
('f82fdf0d-69d1-44e3-ac01-c6d653d24ce8', 'App\\Notifications\\KelengkapanNotification', 'App\\Models\\User', 61, '{\"message\":\"Terdapat Data belum lengkap dengan nomor RM 901234. Lengkapi sebelum tanggal 23-05-2024\",\"is_complete\":false,\"link\":\"http:\\/\\/klpcm.test\\/admin\\/viewklpcm\",\"analisis\":\"68.63%\"}', NULL, '2024-05-20 19:33:50', '2024-05-20 19:33:50'),
('ff6c553b-6056-4b83-82fe-061d97413fa7', 'App\\Notifications\\KelengkapanNotification', 'App\\Models\\User', 61, '{\"message\":\"Terdapat Data belum lengkap dengan nomor RM 762289. Lengkapi sebelum tanggal 07-06-2024\",\"is_complete\":false,\"link\":\"http:\\/\\/127.0.0.1:8000\\/admin\\/viewklpcm\",\"analisis\":\"82.69%\"}', NULL, '2024-06-04 19:06:04', '2024-06-04 19:06:04');

-- --------------------------------------------------------

--
-- Table structure for table `pasiens`
--

CREATE TABLE `pasiens` (
  `id` bigint(20) UNSIGNED NOT NULL,
  `name` varchar(255) NOT NULL,
  `rm` varchar(255) NOT NULL,
  `tgl_lahir` date NOT NULL,
  `gender` enum('Laki-laki','Perempuan') NOT NULL,
  `created_at` timestamp NULL DEFAULT NULL,
  `updated_at` timestamp NULL DEFAULT NULL
) ENGINE=InnoDB DEFAULT CHARSET=utf8mb4 COLLATE=utf8mb4_unicode_ci;

--
-- Dumping data for table `pasiens`
--

INSERT INTO `pasiens` (`id`, `name`, `rm`, `tgl_lahir`, `gender`, `created_at`, `updated_at`) VALUES
(1, 'Rifki Fadilah', '827656', '2002-02-27', 'Laki-laki', '2024-05-20 18:53:45', '2024-06-03 19:36:16'),
(2, 'Maulana Rifki', '762289', '2001-02-20', 'Laki-laki', '2024-05-20 18:54:44', '2024-05-20 18:54:44'),
(3, 'Kirana Balqista', '901234', '2004-12-30', 'Perempuan', '2024-05-20 18:55:18', '2024-05-20 18:55:18'),
(4, 'Bagus Akmal', '389202', '1999-07-09', 'Laki-laki', '2024-05-20 18:55:53', '2024-05-20 18:55:53'),
(5, 'Nindasari Okta', '901928', '2001-10-29', 'Perempuan', '2024-05-20 18:56:22', '2024-05-20 18:56:22'),
(6, 'Rifki Maulana', '902290', '2004-01-21', 'Laki-laki', '2024-05-20 18:56:57', '2024-05-20 18:56:57'),
(7, 'Khanza Mikayla', '289892', '2011-10-10', 'Perempuan', '2024-05-20 18:58:08', '2024-05-20 18:58:08'),
(8, 'Umi Nurhasanah', '202989', '1984-02-10', 'Perempuan', '2024-05-20 18:58:38', '2024-05-20 18:58:38'),
(9, 'Holil Ashari', '891766', '1978-09-12', 'Laki-laki', '2024-05-20 18:59:04', '2024-05-20 18:59:04'),
(10, 'Muhammad Holil', '290199', '1998-10-29', 'Laki-laki', '2024-05-20 18:59:34', '2024-05-20 18:59:34'),
(11, 'Yasir', '197276', '1998-09-27', 'Laki-laki', '2024-05-20 19:00:10', '2024-05-20 19:00:10'),
(12, 'Maulana Ahmad', '298188', '2001-10-12', 'Laki-laki', '2024-05-20 19:00:38', '2024-05-20 19:00:38'),
(13, 'Yandiono', '209129', '2005-02-22', 'Laki-laki', '2024-05-20 19:01:10', '2024-05-20 19:01:10'),
(14, 'Nindasari', '920929', '2000-01-10', 'Perempuan', '2024-05-20 19:01:55', '2024-05-20 19:01:55'),
(15, 'Muhammad Fadli', '290192', '2000-09-19', 'Laki-laki', '2024-05-20 19:02:27', '2024-05-20 19:02:27');

-- --------------------------------------------------------

--
-- Table structure for table `password_reset_tokens`
--

CREATE TABLE `password_reset_tokens` (
  `email` varchar(255) NOT NULL,
  `token` varchar(255) NOT NULL,
  `created_at` timestamp NULL DEFAULT NULL
) ENGINE=InnoDB DEFAULT CHARSET=utf8mb4 COLLATE=utf8mb4_unicode_ci;

-- --------------------------------------------------------

--
-- Table structure for table `permissions`
--

CREATE TABLE `permissions` (
  `id` bigint(20) UNSIGNED NOT NULL,
  `name` varchar(255) NOT NULL,
  `guard_name` varchar(255) NOT NULL,
  `created_at` timestamp NULL DEFAULT NULL,
  `updated_at` timestamp NULL DEFAULT NULL
) ENGINE=InnoDB DEFAULT CHARSET=utf8mb4 COLLATE=utf8mb4_unicode_ci;

--
-- Dumping data for table `permissions`
--

INSERT INTO `permissions` (`id`, `name`, `guard_name`, `created_at`, `updated_at`) VALUES
(1, 'view_dashboard', 'web', '2024-03-13 22:26:34', '2024-03-13 22:26:34'),
(2, 'view_table_on_dashboard', 'web', '2024-03-14 14:00:11', '2024-03-14 14:00:11'),
(3, 'sidebar_admin', 'web', '2024-03-16 07:01:35', '2024-03-16 07:01:35'),
(5, 'sidebar_dokter', 'web', '2024-03-16 07:01:35', '2024-03-16 07:01:35'),
(6, 'sidebar_rm', 'web', NULL, NULL);

-- --------------------------------------------------------

--
-- Table structure for table `personal_access_tokens`
--

CREATE TABLE `personal_access_tokens` (
  `id` bigint(20) UNSIGNED NOT NULL,
  `tokenable_type` varchar(255) NOT NULL,
  `tokenable_id` bigint(20) UNSIGNED NOT NULL,
  `name` varchar(255) NOT NULL,
  `token` varchar(64) NOT NULL,
  `abilities` text DEFAULT NULL,
  `last_used_at` timestamp NULL DEFAULT NULL,
  `expires_at` timestamp NULL DEFAULT NULL,
  `created_at` timestamp NULL DEFAULT NULL,
  `updated_at` timestamp NULL DEFAULT NULL
) ENGINE=InnoDB DEFAULT CHARSET=utf8mb4 COLLATE=utf8mb4_unicode_ci;

-- --------------------------------------------------------

--
-- Table structure for table `roles`
--

CREATE TABLE `roles` (
  `id` bigint(20) UNSIGNED NOT NULL,
  `name` varchar(255) NOT NULL,
  `guard_name` varchar(255) NOT NULL,
  `created_at` timestamp NULL DEFAULT NULL,
  `updated_at` timestamp NULL DEFAULT NULL
) ENGINE=InnoDB DEFAULT CHARSET=utf8mb4 COLLATE=utf8mb4_unicode_ci;

--
-- Dumping data for table `roles`
--

INSERT INTO `roles` (`id`, `name`, `guard_name`, `created_at`, `updated_at`) VALUES
(1, 'admin', 'web', '2024-03-13 22:10:58', '2024-03-13 22:10:58'),
(2, 'assembling', 'web', '2024-03-13 22:10:58', '2024-03-13 22:10:58'),
(3, 'ruangan', 'web', '2024-03-13 22:10:58', '2024-03-13 22:10:58');

-- --------------------------------------------------------

--
-- Table structure for table `role_has_permissions`
--

CREATE TABLE `role_has_permissions` (
  `permission_id` bigint(20) UNSIGNED NOT NULL,
  `role_id` bigint(20) UNSIGNED NOT NULL
) ENGINE=InnoDB DEFAULT CHARSET=utf8mb4 COLLATE=utf8mb4_unicode_ci;

--
-- Dumping data for table `role_has_permissions`
--

INSERT INTO `role_has_permissions` (`permission_id`, `role_id`) VALUES
(1, 1),
(1, 2),
(1, 3),
(2, 1),
(2, 2),
(3, 1),
(5, 3),
(6, 1),
(6, 2);

-- --------------------------------------------------------

--
-- Table structure for table `users`
--

CREATE TABLE `users` (
  `id` bigint(20) UNSIGNED NOT NULL,
  `name` varchar(255) NOT NULL,
  `email` varchar(255) NOT NULL,
  `email_verified_at` timestamp NULL DEFAULT NULL,
  `gender` enum('Laki-Laki','Perempuan') NOT NULL,
  `password` varchar(255) NOT NULL,
  `remember_token` varchar(100) DEFAULT NULL,
  `image` varchar(255) DEFAULT NULL,
  `created_at` timestamp NULL DEFAULT NULL,
  `updated_at` timestamp NULL DEFAULT NULL
) ENGINE=InnoDB DEFAULT CHARSET=utf8mb4 COLLATE=utf8mb4_unicode_ci;

--
-- Dumping data for table `users`
--

INSERT INTO `users` (`id`, `name`, `email`, `email_verified_at`, `gender`, `password`, `remember_token`, `image`, `created_at`, `updated_at`) VALUES
(1, 'admin', 'admin@gmail.com', NULL, 'Laki-Laki', '$2y$12$8Y5bF2nigFIjygz24wGNh.wlTz94GCfOdzUbBcwX5aeffxs4RwTIC', NULL, '032701admin1.jpg', '2024-03-13 20:17:33', '2024-06-05 21:42:21'),
(2, 'Petugas', 'assembling@gmail.com', NULL, 'Perempuan', '$2y$12$On7oJjRt2fyuWkWUrhSBTe71yC7szqph6/98c/I.zLR9gZU94eTje', NULL, '104633rm.jpg', '2024-03-14 14:12:42', '2024-06-05 22:00:28'),
(63, 'rifki', 'rif@gmail.com', NULL, 'Laki-Laki', '$2y$12$ocjDu4MiTukSH8ADesDgmOrUfgNw3UaN56sIQ5Cl6TVQhP53xEGNW', NULL, NULL, '2024-05-21 22:39:55', '2024-05-27 20:39:43'),
(64, 'Anturium', 'anturium@gmail.com', NULL, 'Laki-Laki', '$2y$12$QINdEyV1yGrVwniBSUL1xe/r3tHRoPERqB5WHeBBJIb/tZ20lpYn2', NULL, NULL, '2024-06-05 22:26:53', '2024-06-05 22:26:53'),
(65, 'Tulip', 'tulip@gmail.com', NULL, 'Perempuan', '$2y$12$F7ovr9tMxT8I7YZdTZTcQeevaBuNsVpwl.fNFPxhY11jYVjUuiKk.', NULL, NULL, '2024-06-06 00:31:06', '2024-06-06 00:31:06');

--
-- Indexes for dumped tables
--

--
-- Indexes for table `analisis`
--
ALTER TABLE `analisis`
  ADD PRIMARY KEY (`id`),
  ADD KEY `analisis_user_id_foreign` (`user_id`),
  ADD KEY `analisis_pasien_id_foreign` (`pasien_id`);

--
-- Indexes for table `dokters`
--
ALTER TABLE `dokters`
  ADD PRIMARY KEY (`id`);

--
-- Indexes for table `formulir`
--
ALTER TABLE `formulir`
  ADD PRIMARY KEY (`id`);

--
-- Indexes for table `isi_form`
--
ALTER TABLE `isi_form`
  ADD PRIMARY KEY (`id`),
  ADD KEY `isi_form_formulir_id_foreign` (`formulir_id`);

--
-- Indexes for table `kelengkapan`
--
ALTER TABLE `kelengkapan`
  ADD PRIMARY KEY (`id`),
  ADD KEY `kelengkapan_formulir_id_foreign` (`formulir_id`),
  ADD KEY `kelengkapan_isi_form_id_foreign` (`isi_form_id`);

--
-- Indexes for table `ketepatan`
--
ALTER TABLE `ketepatan`
  ADD PRIMARY KEY (`id`),
  ADD KEY `ketepatan_kualitatif_id_foreign` (`kualitatif_id`),
  ADD KEY `ketepatan_analisis_id_foreign` (`analisis_id`);

--
-- Indexes for table `kualitatif`
--
ALTER TABLE `kualitatif`
  ADD PRIMARY KEY (`id`);

--
-- Indexes for table `migrations`
--
ALTER TABLE `migrations`
  ADD PRIMARY KEY (`id`);

--
-- Indexes for table `model_has_permissions`
--
ALTER TABLE `model_has_permissions`
  ADD PRIMARY KEY (`permission_id`,`model_id`,`model_type`),
  ADD KEY `model_has_permissions_model_id_model_type_index` (`model_id`,`model_type`);

--
-- Indexes for table `model_has_roles`
--
ALTER TABLE `model_has_roles`
  ADD PRIMARY KEY (`role_id`,`model_id`,`model_type`),
  ADD KEY `model_has_roles_model_id_model_type_index` (`model_id`,`model_type`);

--
-- Indexes for table `notifications`
--
ALTER TABLE `notifications`
  ADD PRIMARY KEY (`id`),
  ADD KEY `notifications_notifiable_type_notifiable_id_index` (`notifiable_type`,`notifiable_id`);

--
-- Indexes for table `pasiens`
--
ALTER TABLE `pasiens`
  ADD PRIMARY KEY (`id`);

--
-- Indexes for table `password_reset_tokens`
--
ALTER TABLE `password_reset_tokens`
  ADD PRIMARY KEY (`email`);

--
-- Indexes for table `permissions`
--
ALTER TABLE `permissions`
  ADD PRIMARY KEY (`id`),
  ADD UNIQUE KEY `permissions_name_guard_name_unique` (`name`,`guard_name`);

--
-- Indexes for table `personal_access_tokens`
--
ALTER TABLE `personal_access_tokens`
  ADD PRIMARY KEY (`id`),
  ADD UNIQUE KEY `personal_access_tokens_token_unique` (`token`),
  ADD KEY `personal_access_tokens_tokenable_type_tokenable_id_index` (`tokenable_type`,`tokenable_id`);

--
-- Indexes for table `roles`
--
ALTER TABLE `roles`
  ADD PRIMARY KEY (`id`),
  ADD UNIQUE KEY `roles_name_guard_name_unique` (`name`,`guard_name`);

--
-- Indexes for table `role_has_permissions`
--
ALTER TABLE `role_has_permissions`
  ADD PRIMARY KEY (`permission_id`,`role_id`),
  ADD KEY `role_has_permissions_role_id_foreign` (`role_id`);

--
-- Indexes for table `users`
--
ALTER TABLE `users`
  ADD PRIMARY KEY (`id`),
  ADD UNIQUE KEY `users_email_unique` (`email`);

--
-- AUTO_INCREMENT for dumped tables
--

--
-- AUTO_INCREMENT for table `analisis`
--
ALTER TABLE `analisis`
  MODIFY `id` bigint(20) UNSIGNED NOT NULL AUTO_INCREMENT, AUTO_INCREMENT=6;

--
-- AUTO_INCREMENT for table `dokters`
--
ALTER TABLE `dokters`
  MODIFY `id` bigint(20) UNSIGNED NOT NULL AUTO_INCREMENT, AUTO_INCREMENT=6;

--
-- AUTO_INCREMENT for table `formulir`
--
ALTER TABLE `formulir`
  MODIFY `id` bigint(20) UNSIGNED NOT NULL AUTO_INCREMENT, AUTO_INCREMENT=6;

--
-- AUTO_INCREMENT for table `isi_form`
--
ALTER TABLE `isi_form`
  MODIFY `id` bigint(20) UNSIGNED NOT NULL AUTO_INCREMENT, AUTO_INCREMENT=58;

--
-- AUTO_INCREMENT for table `kelengkapan`
--
ALTER TABLE `kelengkapan`
  MODIFY `id` bigint(20) UNSIGNED NOT NULL AUTO_INCREMENT, AUTO_INCREMENT=261;

--
-- AUTO_INCREMENT for table `ketepatan`
--
ALTER TABLE `ketepatan`
  MODIFY `id` bigint(20) UNSIGNED NOT NULL AUTO_INCREMENT, AUTO_INCREMENT=36;

--
-- AUTO_INCREMENT for table `kualitatif`
--
ALTER TABLE `kualitatif`
  MODIFY `id` bigint(20) UNSIGNED NOT NULL AUTO_INCREMENT, AUTO_INCREMENT=8;

--
-- AUTO_INCREMENT for table `migrations`
--
ALTER TABLE `migrations`
  MODIFY `id` int(10) UNSIGNED NOT NULL AUTO_INCREMENT, AUTO_INCREMENT=27;

--
-- AUTO_INCREMENT for table `pasiens`
--
ALTER TABLE `pasiens`
  MODIFY `id` bigint(20) UNSIGNED NOT NULL AUTO_INCREMENT, AUTO_INCREMENT=16;

--
-- AUTO_INCREMENT for table `permissions`
--
ALTER TABLE `permissions`
  MODIFY `id` bigint(20) UNSIGNED NOT NULL AUTO_INCREMENT, AUTO_INCREMENT=7;

--
-- AUTO_INCREMENT for table `personal_access_tokens`
--
ALTER TABLE `personal_access_tokens`
  MODIFY `id` bigint(20) UNSIGNED NOT NULL AUTO_INCREMENT;

--
-- AUTO_INCREMENT for table `roles`
--
ALTER TABLE `roles`
  MODIFY `id` bigint(20) UNSIGNED NOT NULL AUTO_INCREMENT, AUTO_INCREMENT=4;

--
-- AUTO_INCREMENT for table `users`
--
ALTER TABLE `users`
  MODIFY `id` bigint(20) UNSIGNED NOT NULL AUTO_INCREMENT, AUTO_INCREMENT=66;

--
-- Constraints for dumped tables
--

--
-- Constraints for table `analisis`
--
ALTER TABLE `analisis`
  ADD CONSTRAINT `analisis_pasien_id_foreign` FOREIGN KEY (`pasien_id`) REFERENCES `pasiens` (`id`),
  ADD CONSTRAINT `analisis_user_id_foreign` FOREIGN KEY (`user_id`) REFERENCES `users` (`id`);

--
-- Constraints for table `isi_form`
--
ALTER TABLE `isi_form`
  ADD CONSTRAINT `isi_form_formulir_id_foreign` FOREIGN KEY (`formulir_id`) REFERENCES `formulir` (`id`) ON DELETE CASCADE;

--
-- Constraints for table `kelengkapan`
--
ALTER TABLE `kelengkapan`
  ADD CONSTRAINT `kelengkapan_formulir_id_foreign` FOREIGN KEY (`formulir_id`) REFERENCES `formulir` (`id`),
  ADD CONSTRAINT `kelengkapan_isi_form_id_foreign` FOREIGN KEY (`isi_form_id`) REFERENCES `isi_form` (`id`) ON DELETE CASCADE ON UPDATE CASCADE;

--
-- Constraints for table `ketepatan`
--
ALTER TABLE `ketepatan`
  ADD CONSTRAINT `ketepatan_analisis_id_foreign` FOREIGN KEY (`analisis_id`) REFERENCES `analisis` (`id`) ON DELETE CASCADE,
  ADD CONSTRAINT `ketepatan_kualitatif_id_foreign` FOREIGN KEY (`kualitatif_id`) REFERENCES `kualitatif` (`id`) ON DELETE CASCADE;

--
-- Constraints for table `model_has_permissions`
--
ALTER TABLE `model_has_permissions`
  ADD CONSTRAINT `model_has_permissions_permission_id_foreign` FOREIGN KEY (`permission_id`) REFERENCES `permissions` (`id`) ON DELETE CASCADE;

--
-- Constraints for table `model_has_roles`
--
ALTER TABLE `model_has_roles`
  ADD CONSTRAINT `model_has_roles_role_id_foreign` FOREIGN KEY (`role_id`) REFERENCES `roles` (`id`) ON DELETE CASCADE;

--
-- Constraints for table `role_has_permissions`
--
ALTER TABLE `role_has_permissions`
  ADD CONSTRAINT `role_has_permissions_permission_id_foreign` FOREIGN KEY (`permission_id`) REFERENCES `permissions` (`id`) ON DELETE CASCADE,
  ADD CONSTRAINT `role_has_permissions_role_id_foreign` FOREIGN KEY (`role_id`) REFERENCES `roles` (`id`) ON DELETE CASCADE;
COMMIT;

/*!40101 SET CHARACTER_SET_CLIENT=@OLD_CHARACTER_SET_CLIENT */;
/*!40101 SET CHARACTER_SET_RESULTS=@OLD_CHARACTER_SET_RESULTS */;
/*!40101 SET COLLATION_CONNECTION=@OLD_COLLATION_CONNECTION */;
